,State Case,Clear,"Fog, Smog, Smoke",Weather Not Reported,Rain,Snow,Dark,Dawn/Dusk,Daylight
0,10002,1.0,0.0,0.0,0.0,0.0,0.0,0.0,1.0
1,10003,1.0,0.0,0.0,0.0,0.0,1.0,0.0,0.0
2,10004,0.0,0.0,0.0,1.0,0.0,0.0,0.0,1.0
3,10005,1.0,0.0,0.0,0.0,0.0,0.0,0.0,1.0
4,10006,1.0,0.0,0.0,0.0,0.0,1.0,0.0,0.0
5,10007,1.0,0.0,0.0,0.0,0.0,1.0,0.0,0.0
6,10008,1.0,0.0,0.0,0.0,0.0,0.0,1.0,0.0
7,10009,1.0,0.0,0.0,0.0,0.0,0.0,0.0,1.0
8,10010,1.0,0.0,0.0,0.0,0.0,1.0,0.0,0.0
9,10011,1.0,0.0,0.0,0.0,0.0,0.0,0.0,1.0
10,10012,1.0,0.0,0.0,0.0,0.0,0.0,0.0,1.0
11,10013,1.0,0.0,0.0,0.0,0.0,0.0,0.0,1.0
12,10014,1.0,0.0,0.0,0.0,0.0,0.0,0.0,1.0
13,10015,1.0,0.0,0.0,0.0,0.0,1.0,0.0,0.0
14,10016,1.0,0.0,0.0,0.0,0.0,0.0,0.0,1.0
15,10017,1.0,0.0,0.0,0.0,0.0,1.0,0.0,0.0
16,10018,0.0,0.0,0.0,1.0,0.0,0.0,0.0,1.0
17,10019,0.0,0.0,0.0,1.0,0.0,1.0,0.0,0.0
18,10020,0.0,0.0,0.0,1.0,0.0,1.0,0.0,0.0
19,10021,1.0,0.0,0.0,0.0,0.0,1.0,0.0,0.0
20,10022,0.0,0.0,0.0,1.0,0.0,0.0,0.0,1.0
21,10023,1.0,0.0,0.0,0.0,0.0,0.0,0.0,1.0
22,10024,1.0,0.0,0.0,0.0,0.0,1.0,0.0,0.0
23,10025,1.0,0.0,0.0,0.0,0.0,1.0,0.0,0.0
24,10026,1.0,0.0,0.0,0.0,0.0,0.0,0.0,1.0
25,10027,1.0,0.0,0.0,0.0,0.0,1.0,0.0,0.0
26,10028,0.0,1.0,0.0,0.0,0.0,0.0,0.0,1.0
27,10029,0.0,0.0,0.0,1.0,0.0,1.0,0.0,0.0
28,10030,0.0,0.0,0.0,1.0,0.0,0.0,0.0,1.0
29,10031,1.0,0.0,0.0,0.0,0.0,0.0,0.0,1.0
30,10032,1.0,0.0,0.0,0.0,0.0,1.0,0.0,0.0
31,10033,1.0,0.0,0.0,0.0,0.0,1.0,0.0,0.0
32,10034,1.0,0.0,0.0,0.0,0.0,1.0,0.0,0.0
33,10035,1.0,0.0,0.0,0.0,0.0,0.0,0.0,1.0
34,10036,1.0,0.0,0.0,0.0,0.0,1.0,0.0,0.0
35,10037,1.0,0.0,0.0,0.0,0.0,0.0,0.0,1.0
36,10038,1.0,0.0,0.0,0.0,0.0,1.0,0.0,0.0
37,10039,1.0,0.0,0.0,0.0,0.0,0.0,0.0,1.0
38,10040,1.0,0.0,0.0,0.0,0.0,0.0,0.0,1.0
39,10041,1.0,0.0,0.0,0.0,0.0,1.0,0.0,0.0
40,10042,0.0,0.0,0.0,1.0,0.0,0.0,1.0,0.0
41,10043,0.0,0.0,0.0,0.0,1.0,0.0,0.0,1.0
42,10044,1.0,0.0,0.0,0.0,0.0,0.0,0.0,1.0
43,10045,1.0,0.0,0.0,0.0,0.0,0.0,0.0,1.0
44,10046,1.0,0.0,0.0,0.0,0.0,0.0,0.0,1.0
45,10047,1.0,0.0,0.0,0.0,0.0,1.0,0.0,0.0
46,10048,1.0,0.0,0.0,0.0,0.0,0.0,0.0,1.0
47,10049,1.0,0.0,0.0,0.0,0.0,1.0,0.0,0.0
48,10050,1.0,0.0,0.0,0.0,0.0,1.0,0.0,0.0
49,10051,1.0,0.0,0.0,0.0,0.0,0.0,0.0,1.0
50,10052,0.0,0.0,0.0,1.0,0.0,1.0,0.0,0.0
51,10053,1.0,0.0,0.0,0.0,0.0,0.0,0.0,1.0
52,10054,1.0,0.0,0.0,0.0,0.0,0.0,0.0,1.0
53,10055,1.0,0.0,0.0,0.0,0.0,0.0,0.0,1.0
54,10056,1.0,0.0,0.0,0.0,0.0,0.0,0.0,1.0
55,10057,1.0,0.0,0.0,0.0,0.0,1.0,0.0,0.0
56,10058,1.0,0.0,0.0,0.0,0.0,0.0,0.0,1.0
57,10059,0.0,0.0,0.0,0.0,1.0,0.0,0.0,1.0
58,10060,1.0,0.0,0.0,0.0,0.0,0.0,0.0,1.0
59,10061,1.0,0.0,0.0,0.0,0.0,1.0,0.0,0.0
60,10062,1.0,0.0,0.0,0.0,0.0,0.0,0.0,1.0
61,10063,1.0,0.0,0.0,0.0,0.0,1.0,0.0,0.0
62,10064,1.0,0.0,0.0,0.0,0.0,0.0,0.0,1.0
63,10065,0.0,1.0,0.0,0.0,0.0,1.0,0.0,0.0
64,10066,1.0,0.0,0.0,0.0,0.0,0.0,0.0,1.0
65,10067,0.0,0.0,0.0,1.0,0.0,1.0,0.0,0.0
66,10068,1.0,0.0,0.0,0.0,0.0,0.0,0.0,1.0
67,10069,1.0,0.0,0.0,0.0,0.0,0.0,0.0,1.0
68,10070,1.0,0.0,0.0,0.0,0.0,0.0,0.0,1.0
69,10071,1.0,0.0,0.0,0.0,0.0,0.0,0.0,1.0
70,10072,1.0,0.0,0.0,0.0,0.0,1.0,0.0,0.0
71,10073,1.0,0.0,0.0,0.0,0.0,0.0,0.0,1.0
72,10074,1.0,0.0,0.0,0.0,0.0,1.0,0.0,0.0
73,10075,0.0,0.0,1.0,0.0,0.0,1.0,0.0,0.0
74,10076,1.0,0.0,0.0,0.0,0.0,0.0,0.0,1.0
75,10077,1.0,0.0,0.0,0.0,0.0,1.0,0.0,0.0
76,10078,1.0,0.0,0.0,0.0,0.0,0.0,0.0,1.0
77,10079,1.0,0.0,0.0,0.0,0.0,1.0,0.0,0.0
78,10080,1.0,0.0,0.0,0.0,0.0,0.0,0.0,1.0
79,10081,1.0,0.0,0.0,0.0,0.0,1.0,0.0,0.0
80,10082,1.0,0.0,0.0,0.0,0.0,0.0,1.0,0.0
81,10083,1.0,0.0,0.0,0.0,0.0,1.0,0.0,0.0
82,10084,1.0,0.0,0.0,0.0,0.0,1.0,0.0,0.0
83,10085,1.0,0.0,0.0,0.0,0.0,0.0,0.0,1.0
84,10086,0.0,0.0,0.0,1.0,0.0,1.0,0.0,0.0
85,10087,1.0,0.0,0.0,0.0,0.0,0.0,0.0,1.0
86,10088,1.0,0.0,0.0,0.0,0.0,1.0,0.0,0.0
87,10089,0.0,0.0,0.0,1.0,0.0,1.0,0.0,0.0
88,10090,1.0,0.0,0.0,0.0,0.0,0.0,0.0,1.0
89,10091,1.0,0.0,0.0,0.0,0.0,0.0,0.0,1.0
90,10092,0.0,0.0,0.0,1.0,0.0,1.0,0.0,0.0
91,10093,1.0,0.0,0.0,0.0,0.0,0.0,0.0,1.0
92,10094,0.0,0.0,0.0,1.0,0.0,1.0,0.0,0.0
93,10095,1.0,0.0,0.0,0.0,0.0,1.0,0.0,0.0
94,10096,1.0,0.0,0.0,0.0,0.0,1.0,0.0,0.0
95,10097,1.0,0.0,0.0,0.0,0.0,1.0,0.0,0.0
96,10098,1.0,0.0,0.0,0.0,0.0,1.0,0.0,0.0
97,10099,1.0,0.0,0.0,0.0,0.0,1.0,0.0,0.0
98,10100,1.0,0.0,0.0,0.0,0.0,1.0,0.0,0.0
99,10101,1.0,0.0,0.0,0.0,0.0,0.0,0.0,1.0
100,10102,1.0,0.0,0.0,0.0,0.0,0.0,1.0,0.0
101,10103,1.0,0.0,0.0,0.0,0.0,1.0,0.0,0.0
102,10104,1.0,0.0,0.0,0.0,0.0,0.0,0.0,1.0
103,10105,1.0,0.0,0.0,0.0,0.0,0.0,0.0,1.0
104,10106,1.0,0.0,0.0,0.0,0.0,1.0,0.0,0.0
105,10107,0.0,0.0,0.0,1.0,0.0,1.0,0.0,0.0
106,10108,0.0,0.0,0.0,1.0,0.0,1.0,0.0,0.0
107,10109,1.0,0.0,0.0,0.0,0.0,0.0,0.0,1.0
108,10110,1.0,0.0,0.0,0.0,0.0,1.0,0.0,0.0
109,10111,1.0,0.0,0.0,0.0,0.0,0.0,0.0,1.0
110,10112,1.0,0.0,0.0,0.0,0.0,0.0,0.0,1.0
111,10113,1.0,0.0,0.0,0.0,0.0,0.0,0.0,1.0
112,10114,1.0,0.0,0.0,0.0,0.0,1.0,0.0,0.0
113,10115,1.0,0.0,0.0,0.0,0.0,0.0,0.0,1.0
114,10116,1.0,0.0,0.0,0.0,0.0,0.0,0.0,1.0
115,10117,1.0,0.0,0.0,0.0,0.0,0.0,0.0,1.0
116,10118,1.0,0.0,0.0,0.0,0.0,1.0,0.0,0.0
117,10119,1.0,0.0,0.0,0.0,0.0,0.0,0.0,1.0
118,10120,1.0,0.0,0.0,0.0,0.0,1.0,0.0,0.0
119,10121,1.0,0.0,0.0,0.0,0.0,1.0,0.0,0.0
120,10122,1.0,0.0,0.0,0.0,0.0,0.0,0.0,1.0
121,10123,1.0,0.0,0.0,0.0,0.0,0.0,0.0,1.0
122,10124,1.0,0.0,0.0,0.0,0.0,1.0,0.0,0.0
123,10125,1.0,0.0,0.0,0.0,0.0,1.0,0.0,0.0
124,10126,1.0,0.0,0.0,0.0,0.0,0.0,0.0,1.0
125,10127,1.0,0.0,0.0,0.0,0.0,1.0,0.0,0.0
126,10128,1.0,0.0,0.0,0.0,0.0,0.0,0.0,1.0
127,10129,1.0,0.0,0.0,0.0,0.0,1.0,0.0,0.0
128,10130,1.0,0.0,0.0,0.0,0.0,1.0,0.0,0.0
129,10131,1.0,0.0,0.0,0.0,0.0,1.0,0.0,0.0
130,10132,0.0,0.0,0.0,1.0,0.0,1.0,0.0,0.0
131,10133,1.0,0.0,0.0,0.0,0.0,1.0,0.0,0.0
132,10134,1.0,0.0,0.0,0.0,0.0,0.0,0.0,1.0
133,10135,1.0,0.0,0.0,0.0,0.0,1.0,0.0,0.0
134,10136,1.0,0.0,0.0,0.0,0.0,0.0,0.0,1.0
135,10137,1.0,0.0,0.0,0.0,0.0,0.0,0.0,1.0
136,10138,1.0,0.0,0.0,0.0,0.0,0.0,0.0,1.0
137,10139,1.0,0.0,0.0,0.0,0.0,0.0,0.0,1.0
138,10140,0.0,0.0,0.0,1.0,0.0,1.0,0.0,0.0
139,10141,1.0,0.0,0.0,0.0,0.0,0.0,0.0,1.0
140,10142,1.0,0.0,0.0,0.0,0.0,0.0,0.0,1.0
141,10143,0.0,0.0,0.0,1.0,0.0,0.0,0.0,1.0
142,10144,0.0,0.0,0.0,1.0,0.0,1.0,0.0,0.0
143,10145,1.0,0.0,0.0,0.0,0.0,1.0,0.0,0.0
144,10146,1.0,0.0,0.0,0.0,0.0,0.0,0.0,1.0
145,10147,1.0,0.0,0.0,0.0,0.0,0.0,0.0,1.0
146,10148,1.0,0.0,0.0,0.0,0.0,1.0,0.0,0.0
147,10149,1.0,0.0,0.0,0.0,0.0,1.0,0.0,0.0
148,10150,1.0,0.0,0.0,0.0,0.0,0.0,0.0,1.0
149,10151,1.0,0.0,0.0,0.0,0.0,1.0,0.0,0.0
150,10152,1.0,0.0,0.0,0.0,0.0,1.0,0.0,0.0
151,10153,1.0,0.0,0.0,0.0,0.0,0.0,0.0,1.0
152,10154,1.0,0.0,0.0,0.0,0.0,1.0,0.0,0.0
153,10155,1.0,0.0,0.0,0.0,0.0,1.0,0.0,0.0
154,10156,1.0,0.0,0.0,0.0,0.0,1.0,0.0,0.0
155,10157,1.0,0.0,0.0,0.0,0.0,0.0,0.0,1.0
156,10158,1.0,0.0,0.0,0.0,0.0,0.0,0.0,1.0
157,10159,1.0,0.0,0.0,0.0,0.0,1.0,0.0,0.0
158,10160,1.0,0.0,0.0,0.0,0.0,0.0,0.0,1.0
159,10161,1.0,0.0,0.0,0.0,0.0,0.0,0.0,1.0
160,10162,1.0,0.0,0.0,0.0,0.0,0.0,0.0,1.0
161,10163,1.0,0.0,0.0,0.0,0.0,1.0,0.0,0.0
162,10164,1.0,0.0,0.0,0.0,0.0,1.0,0.0,0.0
163,10165,1.0,0.0,0.0,0.0,0.0,1.0,0.0,0.0
164,10166,1.0,0.0,0.0,0.0,0.0,1.0,0.0,0.0
165,10167,1.0,0.0,0.0,0.0,0.0,1.0,0.0,0.0
166,10168,1.0,0.0,0.0,0.0,0.0,1.0,0.0,0.0
167,10169,1.0,0.0,0.0,0.0,0.0,0.0,1.0,0.0
168,10170,1.0,0.0,0.0,0.0,0.0,1.0,0.0,0.0
169,10171,1.0,0.0,0.0,0.0,0.0,1.0,0.0,0.0
170,10172,1.0,0.0,0.0,0.0,0.0,0.0,0.0,1.0
171,10173,1.0,0.0,0.0,0.0,0.0,1.0,0.0,0.0
172,10174,1.0,0.0,0.0,0.0,0.0,0.0,0.0,1.0
173,10175,1.0,0.0,0.0,0.0,0.0,1.0,0.0,0.0
174,10176,0.0,0.0,1.0,0.0,0.0,1.0,0.0,0.0
175,10177,1.0,0.0,0.0,0.0,0.0,1.0,0.0,0.0
176,10178,1.0,0.0,0.0,0.0,0.0,0.0,1.0,0.0
177,10179,0.0,0.0,0.0,1.0,0.0,0.0,0.0,1.0
178,10180,1.0,0.0,0.0,0.0,0.0,0.0,0.0,1.0
179,10181,1.0,0.0,0.0,0.0,0.0,0.0,0.0,1.0
180,10182,1.0,0.0,0.0,0.0,0.0,1.0,0.0,0.0
181,10183,1.0,0.0,0.0,0.0,0.0,0.0,0.0,1.0
182,10184,1.0,0.0,0.0,0.0,0.0,0.0,0.0,1.0
183,10185,1.0,0.0,0.0,0.0,0.0,0.0,0.0,1.0
184,10186,1.0,0.0,0.0,0.0,0.0,0.0,0.0,1.0
185,10187,0.0,0.0,0.0,1.0,0.0,1.0,0.0,0.0
186,10188,1.0,0.0,0.0,0.0,0.0,1.0,0.0,0.0
187,10189,1.0,0.0,0.0,0.0,0.0,1.0,0.0,0.0
188,10190,1.0,0.0,0.0,0.0,0.0,1.0,0.0,0.0
189,10191,1.0,0.0,0.0,0.0,0.0,0.0,0.0,1.0
190,10192,1.0,0.0,0.0,0.0,0.0,1.0,0.0,0.0
191,10193,1.0,0.0,0.0,0.0,0.0,0.0,0.0,1.0
192,10194,1.0,0.0,0.0,0.0,0.0,1.0,0.0,0.0
193,10195,1.0,0.0,0.0,0.0,0.0,1.0,0.0,0.0
194,10196,1.0,0.0,0.0,0.0,0.0,1.0,0.0,0.0
195,10197,1.0,0.0,0.0,0.0,0.0,0.0,0.0,1.0
196,10198,1.0,0.0,0.0,0.0,0.0,1.0,0.0,0.0
197,10199,1.0,0.0,0.0,0.0,0.0,1.0,0.0,0.0
198,10200,1.0,0.0,0.0,0.0,0.0,1.0,0.0,0.0
199,10201,1.0,0.0,0.0,0.0,0.0,0.0,0.0,1.0
200,10202,1.0,0.0,0.0,0.0,0.0,1.0,0.0,0.0
201,10203,1.0,0.0,0.0,0.0,0.0,1.0,0.0,0.0
202,10204,0.0,0.0,0.0,1.0,0.0,1.0,0.0,0.0
203,10205,1.0,0.0,0.0,0.0,0.0,0.0,0.0,1.0
204,10206,1.0,0.0,0.0,0.0,0.0,1.0,0.0,0.0
205,10207,1.0,0.0,0.0,0.0,0.0,1.0,0.0,0.0
206,10208,0.0,0.0,0.0,1.0,0.0,0.0,0.0,1.0
207,10209,1.0,0.0,0.0,0.0,0.0,0.0,0.0,1.0
208,10210,1.0,0.0,0.0,0.0,0.0,0.0,0.0,1.0
209,10211,1.0,0.0,0.0,0.0,0.0,0.0,0.0,1.0
210,10212,1.0,0.0,0.0,0.0,0.0,0.0,0.0,1.0
211,10213,1.0,0.0,0.0,0.0,0.0,0.0,0.0,1.0
212,10214,1.0,0.0,0.0,0.0,0.0,0.0,0.0,1.0
213,10215,1.0,0.0,0.0,0.0,0.0,0.0,0.0,1.0
214,10216,1.0,0.0,0.0,0.0,0.0,0.0,0.0,1.0
215,10217,1.0,0.0,0.0,0.0,0.0,0.0,0.0,1.0
216,10218,1.0,0.0,0.0,0.0,0.0,0.0,0.0,1.0
217,10219,1.0,0.0,0.0,0.0,0.0,0.0,0.0,1.0
218,10220,1.0,0.0,0.0,0.0,0.0,1.0,0.0,0.0
219,10221,0.0,0.0,0.0,1.0,0.0,0.0,0.0,1.0
220,10222,1.0,0.0,0.0,0.0,0.0,1.0,0.0,0.0
221,10223,1.0,0.0,0.0,0.0,0.0,1.0,0.0,0.0
222,10224,1.0,0.0,0.0,0.0,0.0,0.0,0.0,1.0
223,10225,1.0,0.0,0.0,0.0,0.0,1.0,0.0,0.0
224,10226,1.0,0.0,0.0,0.0,0.0,1.0,0.0,0.0
225,10227,1.0,0.0,0.0,0.0,0.0,0.0,0.0,1.0
226,10228,1.0,0.0,0.0,0.0,0.0,1.0,0.0,0.0
227,10229,1.0,0.0,0.0,0.0,0.0,0.0,0.0,1.0
228,10230,1.0,0.0,0.0,0.0,0.0,0.0,0.0,1.0
229,10231,0.0,0.0,0.0,1.0,0.0,0.0,0.0,1.0
230,10232,0.0,0.0,0.0,1.0,0.0,0.0,0.0,1.0
231,10233,1.0,0.0,0.0,0.0,0.0,0.0,0.0,1.0
232,10234,1.0,0.0,0.0,0.0,0.0,1.0,0.0,0.0
233,10235,1.0,0.0,0.0,0.0,0.0,0.0,0.0,1.0
234,10236,0.0,1.0,0.0,0.0,0.0,1.0,0.0,0.0
235,10237,1.0,0.0,0.0,0.0,0.0,1.0,0.0,0.0
236,10238,1.0,0.0,0.0,0.0,0.0,0.0,0.0,1.0
237,10239,1.0,0.0,0.0,0.0,0.0,0.0,0.0,1.0
238,10240,1.0,0.0,0.0,0.0,0.0,1.0,0.0,0.0
239,10241,1.0,0.0,0.0,0.0,0.0,1.0,0.0,0.0
240,10242,1.0,0.0,0.0,0.0,0.0,1.0,0.0,0.0
241,10243,1.0,0.0,0.0,0.0,0.0,1.0,0.0,0.0
242,10244,1.0,0.0,0.0,0.0,0.0,1.0,0.0,0.0
243,10245,1.0,0.0,0.0,0.0,0.0,1.0,0.0,0.0
244,10246,1.0,0.0,0.0,0.0,0.0,0.0,0.0,1.0
245,10247,1.0,0.0,0.0,0.0,0.0,1.0,0.0,0.0
246,10248,1.0,0.0,0.0,0.0,0.0,0.0,0.0,1.0
247,10249,1.0,0.0,0.0,0.0,0.0,0.0,0.0,1.0
248,10250,1.0,0.0,0.0,0.0,0.0,1.0,0.0,0.0
249,10251,1.0,0.0,0.0,0.0,0.0,0.0,0.0,1.0
250,10252,1.0,0.0,0.0,0.0,0.0,0.0,0.0,1.0
251,10253,1.0,0.0,0.0,0.0,0.0,0.0,0.0,1.0
252,10254,1.0,0.0,0.0,0.0,0.0,0.0,0.0,1.0
253,10255,1.0,0.0,0.0,0.0,0.0,0.0,0.0,1.0
254,10256,0.0,0.0,0.0,1.0,0.0,1.0,0.0,0.0
255,10257,1.0,0.0,0.0,0.0,0.0,1.0,0.0,0.0
256,10258,1.0,0.0,0.0,0.0,0.0,0.0,0.0,1.0
257,10259,1.0,0.0,0.0,0.0,0.0,0.0,0.0,1.0
258,10260,1.0,0.0,0.0,0.0,0.0,0.0,0.0,1.0
259,10261,1.0,0.0,0.0,0.0,0.0,0.0,0.0,1.0
260,10262,1.0,0.0,0.0,0.0,0.0,0.0,0.0,1.0
261,10263,1.0,0.0,0.0,0.0,0.0,0.0,0.0,1.0
262,10264,1.0,0.0,0.0,0.0,0.0,0.0,0.0,1.0
263,10265,1.0,0.0,0.0,0.0,0.0,0.0,1.0,0.0
264,10266,1.0,0.0,0.0,0.0,0.0,1.0,0.0,0.0
265,10267,1.0,0.0,0.0,0.0,0.0,0.0,0.0,1.0
266,10268,1.0,0.0,0.0,0.0,0.0,0.0,0.0,1.0
267,10269,1.0,0.0,0.0,0.0,0.0,1.0,0.0,0.0
268,10270,1.0,0.0,0.0,0.0,0.0,0.0,0.0,1.0
269,10271,1.0,0.0,0.0,0.0,0.0,0.0,0.0,1.0
270,10272,1.0,0.0,0.0,0.0,0.0,1.0,0.0,0.0
271,10273,1.0,0.0,0.0,0.0,0.0,0.0,0.0,1.0
272,10274,1.0,0.0,0.0,0.0,0.0,0.0,0.0,1.0
273,10275,1.0,0.0,0.0,0.0,0.0,0.0,0.0,1.0
274,10276,1.0,0.0,0.0,0.0,0.0,0.0,0.0,1.0
275,10277,1.0,0.0,0.0,0.0,0.0,1.0,0.0,0.0
276,10278,1.0,0.0,0.0,0.0,0.0,1.0,0.0,0.0
277,10279,1.0,0.0,0.0,0.0,0.0,1.0,0.0,0.0
278,10280,1.0,0.0,0.0,0.0,0.0,0.0,0.0,1.0
279,10281,1.0,0.0,0.0,0.0,0.0,1.0,0.0,0.0
280,10282,1.0,0.0,0.0,0.0,0.0,1.0,0.0,0.0
281,10283,1.0,0.0,0.0,0.0,0.0,1.0,0.0,0.0
282,10284,1.0,0.0,0.0,0.0,0.0,1.0,0.0,0.0
283,10285,1.0,0.0,0.0,0.0,0.0,0.0,0.0,1.0
284,10286,1.0,0.0,0.0,0.0,0.0,1.0,0.0,0.0
285,10287,1.0,0.0,0.0,0.0,0.0,1.0,0.0,0.0
286,10288,1.0,0.0,0.0,0.0,0.0,0.0,0.0,1.0
287,10289,1.0,0.0,0.0,0.0,0.0,0.0,0.0,1.0
288,10290,1.0,0.0,0.0,0.0,0.0,1.0,0.0,0.0
289,10291,1.0,0.0,0.0,0.0,0.0,1.0,0.0,0.0
290,10292,1.0,0.0,0.0,0.0,0.0,0.0,0.0,1.0
291,10293,1.0,0.0,0.0,0.0,0.0,0.0,0.0,1.0
292,10294,1.0,0.0,0.0,0.0,0.0,0.0,0.0,1.0
293,10295,1.0,0.0,0.0,0.0,0.0,0.0,0.0,1.0
294,10296,1.0,0.0,0.0,0.0,0.0,0.0,0.0,1.0
295,10297,1.0,0.0,0.0,0.0,0.0,0.0,0.0,1.0
296,10298,1.0,0.0,0.0,0.0,0.0,0.0,0.0,1.0
297,10299,1.0,0.0,0.0,0.0,0.0,1.0,0.0,0.0
298,10300,1.0,0.0,0.0,0.0,0.0,1.0,0.0,0.0
299,10301,1.0,0.0,0.0,0.0,0.0,0.0,0.0,1.0
300,10302,1.0,0.0,0.0,0.0,0.0,0.0,0.0,1.0
301,10303,0.0,0.0,0.0,1.0,0.0,0.0,1.0,0.0
302,10304,1.0,0.0,0.0,0.0,0.0,0.0,0.0,1.0
303,10305,1.0,0.0,0.0,0.0,0.0,1.0,0.0,0.0
304,10306,1.0,0.0,0.0,0.0,0.0,0.0,0.0,1.0
305,10307,1.0,0.0,0.0,0.0,0.0,0.0,0.0,1.0
306,10308,1.0,0.0,0.0,0.0,0.0,0.0,0.0,1.0
307,10309,1.0,0.0,0.0,0.0,0.0,0.0,0.0,1.0
308,10310,1.0,0.0,0.0,0.0,0.0,1.0,0.0,0.0
309,10311,1.0,0.0,0.0,0.0,0.0,0.0,0.0,1.0
310,10312,1.0,0.0,0.0,0.0,0.0,0.0,0.0,1.0
311,10313,1.0,0.0,0.0,0.0,0.0,0.0,0.0,1.0
312,10314,1.0,0.0,0.0,0.0,0.0,1.0,0.0,0.0
313,10315,1.0,0.0,0.0,0.0,0.0,0.0,0.0,1.0
314,10316,1.0,0.0,0.0,0.0,0.0,1.0,0.0,0.0
315,10317,1.0,0.0,0.0,0.0,0.0,1.0,0.0,0.0
316,10318,1.0,0.0,0.0,0.0,0.0,1.0,0.0,0.0
317,10319,0.0,0.0,0.0,1.0,0.0,1.0,0.0,0.0
318,10320,1.0,0.0,0.0,0.0,0.0,1.0,0.0,0.0
319,10321,1.0,0.0,0.0,0.0,0.0,1.0,0.0,0.0
320,10322,1.0,0.0,0.0,0.0,0.0,0.0,0.0,1.0
321,10323,1.0,0.0,0.0,0.0,0.0,1.0,0.0,0.0
322,10324,1.0,0.0,0.0,0.0,0.0,1.0,0.0,0.0
323,10325,1.0,0.0,0.0,0.0,0.0,0.0,0.0,1.0
324,10326,0.0,0.0,0.0,1.0,0.0,1.0,0.0,0.0
325,10327,1.0,0.0,0.0,0.0,0.0,0.0,0.0,1.0
326,10328,1.0,0.0,0.0,0.0,0.0,0.0,0.0,1.0
327,10329,1.0,0.0,0.0,0.0,0.0,0.0,0.0,1.0
328,10330,1.0,0.0,0.0,0.0,0.0,0.0,0.0,1.0
329,10331,1.0,0.0,0.0,0.0,0.0,1.0,0.0,0.0
330,10332,1.0,0.0,0.0,0.0,0.0,0.0,0.0,1.0
331,10333,1.0,0.0,0.0,0.0,0.0,0.0,0.0,1.0
332,10334,1.0,0.0,0.0,0.0,0.0,1.0,0.0,0.0
333,10335,1.0,0.0,0.0,0.0,0.0,1.0,0.0,0.0
334,10336,1.0,0.0,0.0,0.0,0.0,1.0,0.0,0.0
335,10337,1.0,0.0,0.0,0.0,0.0,0.0,0.0,1.0
336,10338,1.0,0.0,0.0,0.0,0.0,0.0,0.0,1.0
337,10339,1.0,0.0,0.0,0.0,0.0,0.0,1.0,0.0
338,10340,1.0,0.0,0.0,0.0,0.0,1.0,0.0,0.0
339,10341,1.0,0.0,0.0,0.0,0.0,1.0,0.0,0.0
341,10343,1.0,0.0,0.0,0.0,0.0,1.0,0.0,0.0
342,10344,1.0,0.0,0.0,0.0,0.0,0.0,1.0,0.0
343,10345,1.0,0.0,0.0,0.0,0.0,1.0,0.0,0.0
344,10346,1.0,0.0,0.0,0.0,0.0,1.0,0.0,0.0
345,10347,1.0,0.0,0.0,0.0,0.0,1.0,0.0,0.0
346,10348,1.0,0.0,0.0,0.0,0.0,1.0,0.0,0.0
347,10349,1.0,0.0,0.0,0.0,0.0,0.0,0.0,1.0
348,10350,1.0,0.0,0.0,0.0,0.0,0.0,0.0,1.0
349,10351,1.0,0.0,0.0,0.0,0.0,1.0,0.0,0.0
350,10352,1.0,0.0,0.0,0.0,0.0,1.0,0.0,0.0
351,10353,1.0,0.0,0.0,0.0,0.0,1.0,0.0,0.0
352,10354,1.0,0.0,0.0,0.0,0.0,0.0,0.0,1.0
353,10355,1.0,0.0,0.0,0.0,0.0,0.0,0.0,1.0
354,10356,1.0,0.0,0.0,0.0,0.0,0.0,0.0,1.0
355,10357,1.0,0.0,0.0,0.0,0.0,0.0,0.0,1.0
356,10358,1.0,0.0,0.0,0.0,0.0,1.0,0.0,0.0
357,10359,1.0,0.0,0.0,0.0,0.0,0.0,0.0,1.0
358,10360,1.0,0.0,0.0,0.0,0.0,0.0,0.0,1.0
359,10361,1.0,0.0,0.0,0.0,0.0,0.0,0.0,1.0
360,10362,1.0,0.0,0.0,0.0,0.0,0.0,0.0,1.0
361,10363,1.0,0.0,0.0,0.0,0.0,1.0,0.0,0.0
362,10364,1.0,0.0,0.0,0.0,0.0,0.0,0.0,1.0
363,10365,1.0,0.0,0.0,0.0,0.0,0.0,0.0,1.0
364,10366,1.0,0.0,0.0,0.0,0.0,0.0,0.0,1.0
365,10367,1.0,0.0,0.0,0.0,0.0,1.0,0.0,0.0
366,10368,1.0,0.0,0.0,0.0,0.0,0.0,0.0,1.0
367,10369,1.0,0.0,0.0,0.0,0.0,0.0,0.0,1.0
368,10370,1.0,0.0,0.0,0.0,0.0,0.0,1.0,0.0
369,10371,1.0,0.0,0.0,0.0,0.0,1.0,0.0,0.0
370,10372,1.0,0.0,0.0,0.0,0.0,1.0,0.0,0.0
371,10373,1.0,0.0,0.0,0.0,0.0,1.0,0.0,0.0
372,10374,1.0,0.0,0.0,0.0,0.0,0.0,0.0,1.0
373,10375,1.0,0.0,0.0,0.0,0.0,0.0,0.0,1.0
374,10376,1.0,0.0,0.0,0.0,0.0,0.0,0.0,1.0
375,10377,1.0,0.0,0.0,0.0,0.0,1.0,0.0,0.0
376,10378,1.0,0.0,0.0,0.0,0.0,1.0,0.0,0.0
377,10379,1.0,0.0,0.0,0.0,0.0,1.0,0.0,0.0
378,10380,1.0,0.0,0.0,0.0,0.0,0.0,0.0,1.0
379,10381,1.0,0.0,0.0,0.0,0.0,0.0,0.0,1.0
380,10382,1.0,0.0,0.0,0.0,0.0,0.0,0.0,1.0
381,10383,1.0,0.0,0.0,0.0,0.0,1.0,0.0,0.0
382,10384,1.0,0.0,0.0,0.0,0.0,0.0,0.0,1.0
383,10385,1.0,0.0,0.0,0.0,0.0,1.0,0.0,0.0
384,10386,1.0,0.0,0.0,0.0,0.0,1.0,0.0,0.0
385,10387,1.0,0.0,0.0,0.0,0.0,0.0,0.0,1.0
386,10388,1.0,0.0,0.0,0.0,0.0,0.0,1.0,0.0
387,10389,1.0,0.0,0.0,0.0,0.0,1.0,0.0,0.0
388,10390,1.0,0.0,0.0,0.0,0.0,1.0,0.0,0.0
389,10391,1.0,0.0,0.0,0.0,0.0,0.0,0.0,1.0
390,10392,1.0,0.0,0.0,0.0,0.0,1.0,0.0,0.0
391,10393,1.0,0.0,0.0,0.0,0.0,0.0,0.0,1.0
392,10394,1.0,0.0,0.0,0.0,0.0,1.0,0.0,0.0
393,10395,1.0,0.0,0.0,0.0,0.0,0.0,0.0,1.0
394,10396,1.0,0.0,0.0,0.0,0.0,1.0,0.0,0.0
395,10397,1.0,0.0,0.0,0.0,0.0,1.0,0.0,0.0
396,10398,1.0,0.0,0.0,0.0,0.0,1.0,0.0,0.0
397,10399,1.0,0.0,0.0,0.0,0.0,0.0,0.0,1.0
398,10400,1.0,0.0,0.0,0.0,0.0,0.0,0.0,1.0
399,10401,1.0,0.0,0.0,0.0,0.0,0.0,0.0,1.0
400,10402,1.0,0.0,0.0,0.0,0.0,0.0,0.0,1.0
401,10403,1.0,0.0,0.0,0.0,0.0,0.0,0.0,1.0
402,10404,1.0,0.0,0.0,0.0,0.0,0.0,0.0,1.0
403,10405,1.0,0.0,0.0,0.0,0.0,1.0,0.0,0.0
404,10406,1.0,0.0,0.0,0.0,0.0,1.0,0.0,0.0
405,10407,1.0,0.0,0.0,0.0,0.0,1.0,0.0,0.0
406,10408,1.0,0.0,0.0,0.0,0.0,0.0,0.0,1.0
407,10409,1.0,0.0,0.0,0.0,0.0,0.0,0.0,1.0
408,10410,1.0,0.0,0.0,0.0,0.0,1.0,0.0,0.0
409,10411,1.0,0.0,0.0,0.0,0.0,0.0,0.0,1.0
410,10412,1.0,0.0,0.0,0.0,0.0,1.0,0.0,0.0
411,10413,1.0,0.0,0.0,0.0,0.0,0.0,0.0,1.0
412,10414,1.0,0.0,0.0,0.0,0.0,1.0,0.0,0.0
413,10415,1.0,0.0,0.0,0.0,0.0,1.0,0.0,0.0
414,10416,1.0,0.0,0.0,0.0,0.0,0.0,0.0,1.0
415,10417,1.0,0.0,0.0,0.0,0.0,1.0,0.0,0.0
416,10418,1.0,0.0,0.0,0.0,0.0,1.0,0.0,0.0
417,10419,1.0,0.0,0.0,0.0,0.0,0.0,0.0,1.0
418,10420,1.0,0.0,0.0,0.0,0.0,0.0,0.0,1.0
419,10421,1.0,0.0,0.0,0.0,0.0,0.0,0.0,1.0
420,10422,0.0,0.0,0.0,1.0,0.0,1.0,0.0,0.0
422,10424,1.0,0.0,0.0,0.0,0.0,0.0,0.0,1.0
423,10425,1.0,0.0,0.0,0.0,0.0,1.0,0.0,0.0
424,10426,1.0,0.0,0.0,0.0,0.0,0.0,0.0,1.0
425,10427,1.0,0.0,0.0,0.0,0.0,1.0,0.0,0.0
426,10428,1.0,0.0,0.0,0.0,0.0,0.0,0.0,1.0
427,10429,1.0,0.0,0.0,0.0,0.0,1.0,0.0,0.0
428,10430,1.0,0.0,0.0,0.0,0.0,0.0,0.0,1.0
429,10431,1.0,0.0,0.0,0.0,0.0,0.0,0.0,1.0
430,10432,1.0,0.0,0.0,0.0,0.0,0.0,0.0,1.0
431,10433,1.0,0.0,0.0,0.0,0.0,1.0,0.0,0.0
432,10434,1.0,0.0,0.0,0.0,0.0,0.0,0.0,1.0
433,10435,1.0,0.0,0.0,0.0,0.0,1.0,0.0,0.0
434,10436,1.0,0.0,0.0,0.0,0.0,1.0,0.0,0.0
435,10437,1.0,0.0,0.0,0.0,0.0,0.0,0.0,1.0
436,10438,1.0,0.0,0.0,0.0,0.0,0.0,0.0,1.0
437,10439,1.0,0.0,0.0,0.0,0.0,0.0,0.0,1.0
438,10440,1.0,0.0,0.0,0.0,0.0,0.0,0.0,1.0
439,10441,1.0,0.0,0.0,0.0,0.0,0.0,0.0,1.0
440,10442,1.0,0.0,0.0,0.0,0.0,0.0,0.0,1.0
441,10443,1.0,0.0,0.0,0.0,0.0,1.0,0.0,0.0
442,10444,1.0,0.0,0.0,0.0,0.0,0.0,0.0,1.0
443,10445,1.0,0.0,0.0,0.0,0.0,0.0,0.0,1.0
444,10446,1.0,0.0,0.0,0.0,0.0,0.0,0.0,1.0
445,10447,1.0,0.0,0.0,0.0,0.0,0.0,0.0,1.0
446,10448,1.0,0.0,0.0,0.0,0.0,1.0,0.0,0.0
447,10449,1.0,0.0,0.0,0.0,0.0,1.0,0.0,0.0
448,10450,1.0,0.0,0.0,0.0,0.0,0.0,1.0,0.0
449,10451,1.0,0.0,0.0,0.0,0.0,0.0,1.0,0.0
450,10452,1.0,0.0,0.0,0.0,0.0,1.0,0.0,0.0
451,10453,1.0,0.0,0.0,0.0,0.0,0.0,0.0,1.0
452,10454,1.0,0.0,0.0,0.0,0.0,1.0,0.0,0.0
453,10455,1.0,0.0,0.0,0.0,0.0,0.0,0.0,1.0
454,10456,1.0,0.0,0.0,0.0,0.0,0.0,0.0,1.0
455,10457,1.0,0.0,0.0,0.0,0.0,0.0,0.0,1.0
456,10458,1.0,0.0,0.0,0.0,0.0,0.0,0.0,1.0
457,10459,1.0,0.0,0.0,0.0,0.0,1.0,0.0,0.0
458,10460,1.0,0.0,0.0,0.0,0.0,0.0,0.0,1.0
459,10461,1.0,0.0,0.0,0.0,0.0,0.0,0.0,1.0
460,10462,1.0,0.0,0.0,0.0,0.0,1.0,0.0,0.0
461,10463,1.0,0.0,0.0,0.0,0.0,1.0,0.0,0.0
463,10465,1.0,0.0,0.0,0.0,0.0,0.0,0.0,1.0
464,10466,1.0,0.0,0.0,0.0,0.0,1.0,0.0,0.0
465,10467,1.0,0.0,0.0,0.0,0.0,0.0,0.0,1.0
466,10468,1.0,0.0,0.0,0.0,0.0,1.0,0.0,0.0
467,10469,1.0,0.0,0.0,0.0,0.0,0.0,0.0,1.0
468,10470,1.0,0.0,0.0,0.0,0.0,1.0,0.0,0.0
469,10471,1.0,0.0,0.0,0.0,0.0,1.0,0.0,0.0
470,10472,1.0,0.0,0.0,0.0,0.0,0.0,0.0,1.0
471,10473,1.0,0.0,0.0,0.0,0.0,1.0,0.0,0.0
472,10474,1.0,0.0,0.0,0.0,0.0,0.0,0.0,1.0
473,10475,1.0,0.0,0.0,0.0,0.0,1.0,0.0,0.0
474,10476,1.0,0.0,0.0,0.0,0.0,0.0,0.0,1.0
475,10477,1.0,0.0,0.0,0.0,0.0,0.0,1.0,0.0
476,10478,1.0,0.0,0.0,0.0,0.0,1.0,0.0,0.0
477,10479,1.0,0.0,0.0,0.0,0.0,0.0,0.0,1.0
478,10480,1.0,0.0,0.0,0.0,0.0,0.0,0.0,1.0
479,10481,1.0,0.0,0.0,0.0,0.0,1.0,0.0,0.0
480,10482,1.0,0.0,0.0,0.0,0.0,1.0,0.0,0.0
481,10483,1.0,0.0,0.0,0.0,0.0,1.0,0.0,0.0
482,10484,1.0,0.0,0.0,0.0,0.0,0.0,1.0,0.0
483,10485,1.0,0.0,0.0,0.0,0.0,0.0,0.0,1.0
484,10486,1.0,0.0,0.0,0.0,0.0,0.0,0.0,1.0
485,10487,1.0,0.0,0.0,0.0,0.0,0.0,0.0,1.0
486,10488,1.0,0.0,0.0,0.0,0.0,1.0,0.0,0.0
487,10489,1.0,0.0,0.0,0.0,0.0,1.0,0.0,0.0
488,10490,1.0,0.0,0.0,0.0,0.0,1.0,0.0,0.0
489,10491,1.0,0.0,0.0,0.0,0.0,1.0,0.0,0.0
490,10492,1.0,0.0,0.0,0.0,0.0,0.0,1.0,0.0
491,10493,1.0,0.0,0.0,0.0,0.0,0.0,0.0,1.0
492,10494,1.0,0.0,0.0,0.0,0.0,0.0,0.0,1.0
493,10495,1.0,0.0,0.0,0.0,0.0,0.0,0.0,1.0
494,10496,1.0,0.0,0.0,0.0,0.0,0.0,0.0,1.0
495,10497,1.0,0.0,0.0,0.0,0.0,0.0,0.0,1.0
496,10498,1.0,0.0,0.0,0.0,0.0,0.0,0.0,1.0
497,10499,1.0,0.0,0.0,0.0,0.0,1.0,0.0,0.0
498,10500,1.0,0.0,0.0,0.0,0.0,1.0,0.0,0.0
499,10501,1.0,0.0,0.0,0.0,0.0,0.0,0.0,1.0
500,10502,1.0,0.0,0.0,0.0,0.0,0.0,0.0,1.0
501,10503,1.0,0.0,0.0,0.0,0.0,1.0,0.0,0.0
502,10504,1.0,0.0,0.0,0.0,0.0,1.0,0.0,0.0
503,10505,1.0,0.0,0.0,0.0,0.0,0.0,0.0,1.0
504,10506,1.0,0.0,0.0,0.0,0.0,1.0,0.0,0.0
505,10507,1.0,0.0,0.0,0.0,0.0,1.0,0.0,0.0
506,10508,1.0,0.0,0.0,0.0,0.0,1.0,0.0,0.0
507,10509,1.0,0.0,0.0,0.0,0.0,0.0,0.0,1.0
508,10510,1.0,0.0,0.0,0.0,0.0,1.0,0.0,0.0
509,10511,1.0,0.0,0.0,0.0,0.0,0.0,0.0,1.0
510,10512,1.0,0.0,0.0,0.0,0.0,0.0,0.0,1.0
511,10513,1.0,0.0,0.0,0.0,0.0,1.0,0.0,0.0
512,10514,1.0,0.0,0.0,0.0,0.0,1.0,0.0,0.0
513,10515,1.0,0.0,0.0,0.0,0.0,1.0,0.0,0.0
514,10516,1.0,0.0,0.0,0.0,0.0,0.0,0.0,1.0
515,10517,1.0,0.0,0.0,0.0,0.0,1.0,0.0,0.0
516,10518,1.0,0.0,0.0,0.0,0.0,1.0,0.0,0.0
517,10519,1.0,0.0,0.0,0.0,0.0,0.0,0.0,1.0
518,10520,1.0,0.0,0.0,0.0,0.0,0.0,1.0,0.0
519,10521,1.0,0.0,0.0,0.0,0.0,1.0,0.0,0.0
520,10522,1.0,0.0,0.0,0.0,0.0,0.0,0.0,1.0
521,10523,1.0,0.0,0.0,0.0,0.0,0.0,0.0,1.0
522,10524,1.0,0.0,0.0,0.0,0.0,0.0,0.0,1.0
523,10525,1.0,0.0,0.0,0.0,0.0,0.0,0.0,1.0
524,10526,1.0,0.0,0.0,0.0,0.0,1.0,0.0,0.0
525,10527,1.0,0.0,0.0,0.0,0.0,1.0,0.0,0.0
526,10528,1.0,0.0,0.0,0.0,0.0,1.0,0.0,0.0
527,10529,1.0,0.0,0.0,0.0,0.0,0.0,0.0,1.0
528,10530,1.0,0.0,0.0,0.0,0.0,0.0,0.0,1.0
529,10531,1.0,0.0,0.0,0.0,0.0,1.0,0.0,0.0
530,10532,1.0,0.0,0.0,0.0,0.0,0.0,0.0,1.0
531,10533,1.0,0.0,0.0,0.0,0.0,0.0,0.0,1.0
532,10534,1.0,0.0,0.0,0.0,0.0,1.0,0.0,0.0
533,10535,1.0,0.0,0.0,0.0,0.0,1.0,0.0,0.0
534,10536,1.0,0.0,0.0,0.0,0.0,0.0,0.0,1.0
535,10537,1.0,0.0,0.0,0.0,0.0,0.0,0.0,1.0
536,10538,1.0,0.0,0.0,0.0,0.0,1.0,0.0,0.0
537,10539,1.0,0.0,0.0,0.0,0.0,0.0,0.0,1.0
538,10540,0.0,0.0,0.0,1.0,0.0,0.0,0.0,1.0
539,10541,1.0,0.0,0.0,0.0,0.0,0.0,0.0,1.0
540,10542,1.0,0.0,0.0,0.0,0.0,1.0,0.0,0.0
541,10543,1.0,0.0,0.0,0.0,0.0,0.0,0.0,1.0
542,10544,1.0,0.0,0.0,0.0,0.0,0.0,0.0,1.0
543,10545,1.0,0.0,0.0,0.0,0.0,1.0,0.0,0.0
544,10546,1.0,0.0,0.0,0.0,0.0,0.0,0.0,1.0
545,10547,1.0,0.0,0.0,0.0,0.0,0.0,0.0,1.0
546,10548,1.0,0.0,0.0,0.0,0.0,1.0,0.0,0.0
547,10549,1.0,0.0,0.0,0.0,0.0,0.0,0.0,1.0
548,10550,1.0,0.0,0.0,0.0,0.0,0.0,0.0,1.0
549,10551,1.0,0.0,0.0,0.0,0.0,0.0,0.0,1.0
550,10552,1.0,0.0,0.0,0.0,0.0,0.0,0.0,1.0
551,10553,1.0,0.0,0.0,0.0,0.0,1.0,0.0,0.0
552,10554,1.0,0.0,0.0,0.0,0.0,1.0,0.0,0.0
553,10555,1.0,0.0,0.0,0.0,0.0,1.0,0.0,0.0
554,10556,0.0,1.0,0.0,0.0,0.0,1.0,0.0,0.0
555,10557,0.0,0.0,0.0,1.0,0.0,1.0,0.0,0.0
556,10558,1.0,0.0,0.0,0.0,0.0,0.0,0.0,1.0
557,10559,1.0,0.0,0.0,0.0,0.0,1.0,0.0,0.0
558,10560,1.0,0.0,0.0,0.0,0.0,0.0,0.0,1.0
559,10561,1.0,0.0,0.0,0.0,0.0,0.0,0.0,1.0
560,10562,1.0,0.0,0.0,0.0,0.0,0.0,0.0,1.0
561,10563,1.0,0.0,0.0,0.0,0.0,0.0,0.0,1.0
562,10564,1.0,0.0,0.0,0.0,0.0,1.0,0.0,0.0
563,10565,1.0,0.0,0.0,0.0,0.0,0.0,0.0,1.0
564,10566,1.0,0.0,0.0,0.0,0.0,1.0,0.0,0.0
565,10567,1.0,0.0,0.0,0.0,0.0,0.0,0.0,1.0
566,10568,1.0,0.0,0.0,0.0,0.0,0.0,0.0,1.0
567,10569,1.0,0.0,0.0,0.0,0.0,1.0,0.0,0.0
568,10570,1.0,0.0,0.0,0.0,0.0,0.0,0.0,1.0
569,10571,1.0,0.0,0.0,0.0,0.0,1.0,0.0,0.0
570,10572,1.0,0.0,0.0,0.0,0.0,1.0,0.0,0.0
571,10573,1.0,0.0,0.0,0.0,0.0,0.0,0.0,1.0
572,10574,1.0,0.0,0.0,0.0,0.0,0.0,1.0,0.0
573,10575,1.0,0.0,0.0,0.0,0.0,1.0,0.0,0.0
574,10576,1.0,0.0,0.0,0.0,0.0,1.0,0.0,0.0
575,10577,1.0,0.0,0.0,0.0,0.0,0.0,0.0,1.0
576,10578,1.0,0.0,0.0,0.0,0.0,1.0,0.0,0.0
577,10579,1.0,0.0,0.0,0.0,0.0,1.0,0.0,0.0
578,10580,1.0,0.0,0.0,0.0,0.0,1.0,0.0,0.0
579,10581,1.0,0.0,0.0,0.0,0.0,0.0,0.0,1.0
580,10582,1.0,0.0,0.0,0.0,0.0,1.0,0.0,0.0
581,10583,1.0,0.0,0.0,0.0,0.0,1.0,0.0,0.0
582,10584,1.0,0.0,0.0,0.0,0.0,0.0,0.0,1.0
583,10585,1.0,0.0,0.0,0.0,0.0,1.0,0.0,0.0
584,10586,1.0,0.0,0.0,0.0,0.0,0.0,0.0,1.0
585,10587,1.0,0.0,0.0,0.0,0.0,0.0,0.0,1.0
586,10588,1.0,0.0,0.0,0.0,0.0,0.0,0.0,1.0
587,10589,1.0,0.0,0.0,0.0,0.0,1.0,0.0,0.0
588,10590,1.0,0.0,0.0,0.0,0.0,1.0,0.0,0.0
589,10591,1.0,0.0,0.0,0.0,0.0,1.0,0.0,0.0
590,10592,1.0,0.0,0.0,0.0,0.0,0.0,0.0,1.0
591,10593,1.0,0.0,0.0,0.0,0.0,1.0,0.0,0.0
592,10594,0.0,0.0,0.0,1.0,0.0,0.0,0.0,1.0
593,10595,0.0,0.0,1.0,0.0,0.0,1.0,0.0,0.0
594,10596,1.0,0.0,0.0,0.0,0.0,0.0,0.0,1.0
595,10597,1.0,0.0,0.0,0.0,0.0,0.0,0.0,1.0
596,10598,1.0,0.0,0.0,0.0,0.0,1.0,0.0,0.0
597,10599,1.0,0.0,0.0,0.0,0.0,1.0,0.0,0.0
598,10600,1.0,0.0,0.0,0.0,0.0,0.0,0.0,1.0
599,10601,1.0,0.0,0.0,0.0,0.0,1.0,0.0,0.0
600,10602,0.0,0.0,0.0,1.0,0.0,0.0,1.0,0.0
601,10603,1.0,0.0,0.0,0.0,0.0,1.0,0.0,0.0
602,10604,1.0,0.0,0.0,0.0,0.0,0.0,1.0,0.0
603,10605,1.0,0.0,0.0,0.0,0.0,0.0,1.0,0.0
604,10606,1.0,0.0,0.0,0.0,0.0,0.0,0.0,1.0
605,10607,1.0,0.0,0.0,0.0,0.0,1.0,0.0,0.0
606,10608,1.0,0.0,0.0,0.0,0.0,0.0,0.0,1.0
607,10609,1.0,0.0,0.0,0.0,0.0,1.0,0.0,0.0
608,10610,1.0,0.0,0.0,0.0,0.0,0.0,0.0,1.0
610,10612,0.0,1.0,0.0,0.0,0.0,0.0,0.0,1.0
611,10613,1.0,0.0,0.0,0.0,0.0,1.0,0.0,0.0
612,10614,1.0,0.0,0.0,0.0,0.0,1.0,0.0,0.0
613,10615,1.0,0.0,0.0,0.0,0.0,1.0,0.0,0.0
614,10616,1.0,0.0,0.0,0.0,0.0,1.0,0.0,0.0
615,10617,1.0,0.0,0.0,0.0,0.0,1.0,0.0,0.0
616,10618,1.0,0.0,0.0,0.0,0.0,1.0,0.0,0.0
617,10619,1.0,0.0,0.0,0.0,0.0,1.0,0.0,0.0
618,10620,1.0,0.0,0.0,0.0,0.0,1.0,0.0,0.0
619,10621,1.0,0.0,0.0,0.0,0.0,1.0,0.0,0.0
620,10622,1.0,0.0,0.0,0.0,0.0,1.0,0.0,0.0
621,10623,1.0,0.0,0.0,0.0,0.0,1.0,0.0,0.0
622,10624,1.0,0.0,0.0,0.0,0.0,1.0,0.0,0.0
623,10625,1.0,0.0,0.0,0.0,0.0,0.0,0.0,1.0
624,10626,1.0,0.0,0.0,0.0,0.0,0.0,0.0,1.0
625,10627,1.0,0.0,0.0,0.0,0.0,0.0,0.0,1.0
626,10628,1.0,0.0,0.0,0.0,0.0,1.0,0.0,0.0
627,10629,1.0,0.0,0.0,0.0,0.0,1.0,0.0,0.0
628,10630,1.0,0.0,0.0,0.0,0.0,0.0,1.0,0.0
629,10631,1.0,0.0,0.0,0.0,0.0,0.0,0.0,1.0
630,10632,1.0,0.0,0.0,0.0,0.0,1.0,0.0,0.0
631,10633,1.0,0.0,0.0,0.0,0.0,1.0,0.0,0.0
632,10634,0.0,0.0,0.0,1.0,0.0,1.0,0.0,0.0
633,10635,1.0,0.0,0.0,0.0,0.0,1.0,0.0,0.0
634,10636,1.0,0.0,0.0,0.0,0.0,1.0,0.0,0.0
635,10637,1.0,0.0,0.0,0.0,0.0,1.0,0.0,0.0
636,10638,1.0,0.0,0.0,0.0,0.0,0.0,0.0,1.0
637,10639,1.0,0.0,0.0,0.0,0.0,0.0,0.0,1.0
638,10640,1.0,0.0,0.0,0.0,0.0,1.0,0.0,0.0
639,10641,1.0,0.0,0.0,0.0,0.0,0.0,0.0,1.0
640,10642,1.0,0.0,0.0,0.0,0.0,1.0,0.0,0.0
641,10643,0.0,0.0,0.0,1.0,0.0,1.0,0.0,0.0
642,10644,0.0,0.0,0.0,1.0,0.0,1.0,0.0,0.0
643,10645,0.0,0.0,0.0,1.0,0.0,1.0,0.0,0.0
644,10646,1.0,0.0,0.0,0.0,0.0,0.0,0.0,1.0
645,10647,1.0,0.0,0.0,0.0,0.0,0.0,0.0,1.0
646,10648,1.0,0.0,0.0,0.0,0.0,1.0,0.0,0.0
647,10649,1.0,0.0,0.0,0.0,0.0,0.0,0.0,1.0
648,10650,1.0,0.0,0.0,0.0,0.0,0.0,0.0,1.0
649,10651,1.0,0.0,0.0,0.0,0.0,0.0,0.0,1.0
650,10652,1.0,0.0,0.0,0.0,0.0,1.0,0.0,0.0
651,10653,1.0,0.0,0.0,0.0,0.0,0.0,0.0,1.0
652,10654,0.0,0.0,0.0,1.0,0.0,1.0,0.0,0.0
653,10655,1.0,0.0,0.0,0.0,0.0,0.0,0.0,1.0
654,10656,0.0,0.0,0.0,1.0,0.0,1.0,0.0,0.0
655,10657,1.0,0.0,0.0,0.0,0.0,0.0,0.0,1.0
657,10659,1.0,0.0,0.0,0.0,0.0,0.0,0.0,1.0
658,10660,1.0,0.0,0.0,0.0,0.0,1.0,0.0,0.0
659,10661,0.0,0.0,0.0,1.0,0.0,1.0,0.0,0.0
660,10662,1.0,0.0,0.0,0.0,0.0,1.0,0.0,0.0
661,10663,0.0,0.0,0.0,1.0,0.0,0.0,0.0,1.0
662,10664,1.0,0.0,0.0,0.0,0.0,1.0,0.0,0.0
663,10665,1.0,0.0,0.0,0.0,0.0,0.0,0.0,1.0
664,10666,1.0,0.0,0.0,0.0,0.0,0.0,0.0,1.0
665,10667,1.0,0.0,0.0,0.0,0.0,1.0,0.0,0.0
666,10668,1.0,0.0,0.0,0.0,0.0,0.0,1.0,0.0
667,10669,0.0,0.0,1.0,0.0,0.0,1.0,0.0,0.0
668,10670,1.0,0.0,0.0,0.0,0.0,1.0,0.0,0.0
669,10671,1.0,0.0,0.0,0.0,0.0,1.0,0.0,0.0
670,10672,1.0,0.0,0.0,0.0,0.0,1.0,0.0,0.0
671,10673,1.0,0.0,0.0,0.0,0.0,1.0,0.0,0.0
672,10674,1.0,0.0,0.0,0.0,0.0,0.0,0.0,1.0
673,10675,1.0,0.0,0.0,0.0,0.0,1.0,0.0,0.0
674,10676,1.0,0.0,0.0,0.0,0.0,1.0,0.0,0.0
675,10677,0.0,1.0,0.0,0.0,0.0,1.0,0.0,0.0
676,10678,1.0,0.0,0.0,0.0,0.0,1.0,0.0,0.0
677,10679,1.0,0.0,0.0,0.0,0.0,1.0,0.0,0.0
678,10680,1.0,0.0,0.0,0.0,0.0,0.0,1.0,0.0
679,10681,1.0,0.0,0.0,0.0,0.0,0.0,0.0,1.0
680,10682,1.0,0.0,0.0,0.0,0.0,0.0,0.0,1.0
681,10683,1.0,0.0,0.0,0.0,0.0,1.0,0.0,0.0
682,10684,1.0,0.0,0.0,0.0,0.0,1.0,0.0,0.0
683,10685,1.0,0.0,0.0,0.0,0.0,1.0,0.0,0.0
684,10686,1.0,0.0,0.0,0.0,0.0,0.0,0.0,1.0
685,10687,1.0,0.0,0.0,0.0,0.0,1.0,0.0,0.0
686,10688,1.0,0.0,0.0,0.0,0.0,1.0,0.0,0.0
687,10689,0.0,0.0,0.0,1.0,0.0,1.0,0.0,0.0
688,10690,1.0,0.0,0.0,0.0,0.0,0.0,0.0,1.0
689,10691,1.0,0.0,0.0,0.0,0.0,1.0,0.0,0.0
690,10692,1.0,0.0,0.0,0.0,0.0,1.0,0.0,0.0
691,10693,1.0,0.0,0.0,0.0,0.0,0.0,0.0,1.0
692,10694,1.0,0.0,0.0,0.0,0.0,1.0,0.0,0.0
693,10695,1.0,0.0,0.0,0.0,0.0,1.0,0.0,0.0
694,10696,1.0,0.0,0.0,0.0,0.0,1.0,0.0,0.0
695,10697,1.0,0.0,0.0,0.0,0.0,1.0,0.0,0.0
696,10698,1.0,0.0,0.0,0.0,0.0,1.0,0.0,0.0
697,10699,1.0,0.0,0.0,0.0,0.0,1.0,0.0,0.0
698,10700,1.0,0.0,0.0,0.0,0.0,0.0,0.0,1.0
699,10701,1.0,0.0,0.0,0.0,0.0,1.0,0.0,0.0
700,10702,1.0,0.0,0.0,0.0,0.0,1.0,0.0,0.0
701,10703,1.0,0.0,0.0,0.0,0.0,0.0,0.0,1.0
702,10704,0.0,0.0,0.0,1.0,0.0,1.0,0.0,0.0
703,10705,0.0,0.0,0.0,1.0,0.0,1.0,0.0,0.0
704,10706,0.0,0.0,0.0,1.0,0.0,1.0,0.0,0.0
705,10707,0.0,0.0,0.0,1.0,0.0,0.0,0.0,1.0
706,10708,1.0,0.0,0.0,0.0,0.0,1.0,0.0,0.0
707,10709,1.0,0.0,0.0,0.0,0.0,1.0,0.0,0.0
708,10710,0.0,0.0,0.0,1.0,0.0,1.0,0.0,0.0
709,10711,0.0,0.0,0.0,1.0,0.0,1.0,0.0,0.0
710,10712,1.0,0.0,0.0,0.0,0.0,1.0,0.0,0.0
711,10713,1.0,0.0,0.0,0.0,0.0,0.0,0.0,1.0
712,10714,1.0,0.0,0.0,0.0,0.0,1.0,0.0,0.0
713,10715,1.0,0.0,0.0,0.0,0.0,1.0,0.0,0.0
714,10716,1.0,0.0,0.0,0.0,0.0,0.0,0.0,1.0
715,10717,1.0,0.0,0.0,0.0,0.0,1.0,0.0,0.0
716,10718,1.0,0.0,0.0,0.0,0.0,1.0,0.0,0.0
717,10719,1.0,0.0,0.0,0.0,0.0,0.0,0.0,1.0
718,10720,1.0,0.0,0.0,0.0,0.0,1.0,0.0,0.0
719,10721,1.0,0.0,0.0,0.0,0.0,1.0,0.0,0.0
720,10722,1.0,0.0,0.0,0.0,0.0,1.0,0.0,0.0
721,10723,1.0,0.0,0.0,0.0,0.0,1.0,0.0,0.0
722,10724,1.0,0.0,0.0,0.0,0.0,0.0,0.0,1.0
723,10725,1.0,0.0,0.0,0.0,0.0,1.0,0.0,0.0
724,10726,1.0,0.0,0.0,0.0,0.0,0.0,0.0,1.0
725,10727,1.0,0.0,0.0,0.0,0.0,0.0,0.0,1.0
726,10728,1.0,0.0,0.0,0.0,0.0,1.0,0.0,0.0
727,10729,0.0,1.0,0.0,0.0,0.0,0.0,1.0,0.0
728,10730,1.0,0.0,0.0,0.0,0.0,1.0,0.0,0.0
729,10731,1.0,0.0,0.0,0.0,0.0,1.0,0.0,0.0
730,10732,1.0,0.0,0.0,0.0,0.0,0.0,0.0,1.0
731,10733,1.0,0.0,0.0,0.0,0.0,1.0,0.0,0.0
732,10734,1.0,0.0,0.0,0.0,0.0,0.0,0.0,1.0
733,10735,1.0,0.0,0.0,0.0,0.0,1.0,0.0,0.0
734,10736,1.0,0.0,0.0,0.0,0.0,0.0,0.0,1.0
736,10738,1.0,0.0,0.0,0.0,0.0,1.0,0.0,0.0
737,10739,1.0,0.0,0.0,0.0,0.0,1.0,0.0,0.0
738,10740,1.0,0.0,0.0,0.0,0.0,1.0,0.0,0.0
739,10741,1.0,0.0,0.0,0.0,0.0,1.0,0.0,0.0
740,10742,1.0,0.0,0.0,0.0,0.0,1.0,0.0,0.0
741,10743,1.0,0.0,0.0,0.0,0.0,1.0,0.0,0.0
742,10744,1.0,0.0,0.0,0.0,0.0,1.0,0.0,0.0
743,10745,1.0,0.0,0.0,0.0,0.0,0.0,0.0,1.0
744,10746,1.0,0.0,0.0,0.0,0.0,1.0,0.0,0.0
745,10747,0.0,0.0,1.0,0.0,0.0,1.0,0.0,0.0
